Crescent,Fort,Hollow,Mantle,Kings,Ale,Wine,Wind,Copper,Gold,Pewter,Birch,Ash,Oak,Maple,Flag,Beech,Glint,Glimmer,
Bronze,Jaw,Hand,March,Bounty,Fortune,Apple,Mead,Merry,Bridge,Stone,Kite,Poets,Bottle,Cap,Candle,Yrn,Wizard,Druid,
Shallow,Mage,River,Royal,Flame,Hog,Fire,Coal,Ember,Posey,Amber,Brandy,Winter,Summer,Spring,Autumn,Well,Back,Dun,
Marrin,Far,Reach,Blood,Horn,Helm,Horse,Sword,Chlor,Travellers,Pale,Phantom,Ghost,Spirit,Bright,Blight,Bottom,Star,
Dawn,Bitter,Brittle,Iron,Marsh,Night,Rain,Moon,Gambler,Arrow,Emerald,Ruby,Opal,Canter,Pansy,Hentu,Finger,Bone,Foot,
Rumours,Yarn,Barn,Sugar,Wheat,Hay,Black,Ester,Shard,Grey,Fever,Pine,Mell,Spindle,Staff,Long,Cross,Bell,Mute,Rook,Honey,
Con,Hound,Dur,Gore,Ice,Mourn,Grief,Old,Worn,Tatter,Uda,Gilded,Spice,Little,Storm,Rare,Thorn,Fox,Stout,Sour,Home,Top,Fern,
Dale,Leaf,Lance,Spruce,Branch,Timber,Steep,Mist,Fog,Alder,Snow,Drop,Crow,Feather,Blade,Hawk,Ripple,Wave,Bent,Root,Stalk,
Bear,Wolf,Spear,Paw,Pin,Wing,Bolt,Burn,Crest,Lace,Drunk,Drink,Carrow,Bellow,Lady,Queen,Brace,Gall,Sea,Earth,Salt,Butter,
Gutter,Glass,Yew,Grim,Flint,Owl,Hood,Dwindle,Hook,Hinge,Burnt,Loom,Wisp,Cord,Wain,War,Crown,Cruel,Cloven,
Sparrow,Banner,Tower,Tooth,Fang,Claw,Brew,Ramble,Pyre,Dark,Glory,Glamour,Cade,Arch,Dusk,Fathom,Death,Rust,Creed,Sorrow,
Phoenix,Ashes,Bent,Cloth,Brass,Mirror,Clay,Narrow,Tree,Wild,Flash,Berry,Shatter,Stag,Gloom,Deep,Penny,Din,Farrier,Dead,
Sin,Scholar's,Mire,Wink,Lion's,Bleak,Gallow,Hard,Nickle,Mule,Crimson