Road,Lane,Crescent,Wood,Home,Hatch,Way,Lake,Wold,Coast,Cairn,Town,Span,Jaw,Hand ,March,Folly,Foil,Bounty,Fortune,Mead,
Merry,Bridge,Pass,Stone,Bottle,Cap,Arm,Cove,Peninsula,Keep,Light,Fall,Mere,Grave,Stacks,Mountain,Light,Ward,River,
Royal,Flame,Shot,Shire,Brandy,Spring,Well,Far,Reach,Blood,Horn,Helm,Handle,Chlor,Orna,Pott,City,Hold,Son,Pale,Shrike,
Bright,Bottom,Star,Dawn,Ton,Hill,Iron,Side,Gaze,Plain,Marsh,Staff,Ford,Shin,Night,Eve,Rains,Walk,Run,Moon,Canter,Crawl,
Dive,Stem,Glen,Valley,Yarn,Hitch,Ester,Bridal,Shard,View,Pine,Lott,Rite,Chaff,Blind,Cliff,Grove,Cross,Bell,
Mute,Gore,Gorge,Ang,Et,Sail,Uda,Spice,Orn,Lamp,Key,Turn,Ard,Hewer,Hen,Port,Thorn,Don,Glow,Glove,Fox,Stout,Sour,Mood,Top,
Cart,Fern,Dale,Leaf,Lance,Spruce,Bud,Haven,Downs,Flight,Sleep,Coin,Drop,Feather,Blade,Shaft,Wave,Ripple,Bent,Plunge,Root,
Stalk,Bear,Wolf,Spear,Paw,Ling,Lantern,Wheel,Wing,Beak,Bolt,Strand,Spur,Rake,Crest,Rest,Lace,Marrow,Carrow,Drink,Bellow,
Forge,Luck,Relief,Steps,Court,Sea,Earth,Born,Snipe,Orchard,Mew,Bow,Need,Grin,Flint,Mirth,Head,Ore,Owl,Hood,Dwindle,Worth,
Loom,Hinge,Wallow,Catch,Wain,Path,Hearth,Crown,Crush,Sparrow,Clove,Spark,Throne,Banner,Tower,Tooth,Fang,Claw,Screech,
Moan,Whisper,Chest,Pyre,Ramble,Silt,Glamour,Belfry,Call,Latch,Row,Arch,Dusk,Prince,Fathom,Creed,Sorrow,Ashes,Wake,Curve,
Wound,Bent,Cloth,Clasp,Mirror,Ward,Witch,Narrow,Hock,Tree,Wild,Grace,Berry,Gloom,Stag,Deep,Warden,Weep,Keeper,Lint,Blow,
Square,Wink,Sin,Mire,Fair,Flats